CustomerID,CustomerName,CustomerEmail,CustomerPhone,CustomerAddress,CustomerCreditLimit
2301,Flor Stone,flor.stone@raytheon.com,13171234104,2904 S Salina St,5000
2302,Lavera Emerson,lavera.emerson@plainsallamerican.com,13171234111,"5344 Haverford Ave, Philadelphia",5000
2303,Fern Head,fern.head@usfoods.com,18121234115,"1795 Wu Meng, Muang Chonburi",1200
2304,Shyla Ortiz,shyla.ortiz@abbvie.com,13171234126,"Walpurgisstr 69, Munich",2400
2305,Jeni Levy,jeni.levy@centene.com,18121214129,"Via Frenzy 6903, Roma",1200
2306,Matthias Hannah,matthias.hannah@chs.net,12887910191,"Via Luminosa 162, Firenze",500
2307,Matthias Cruise,matthias.cruise@alcoa.com,16278191010,"Via Notoriosa 1942, Firenze",500
2308,Meenakshi Mason,meenakshi.mason@internationalpaper.com,15652788999,"1831 No Wong, Peking",3600
2309,Christian Cage,christian.cage@emerson.com,12334165678,"Via Notoriosa 1949, Firenze",2400
2310,Charlie Sutherland,charlie.sutherland@up.com,17887873099,"Piazza Cacchiatore 23, San Giminiano",3600
2311,Charlie Pacino,charlie.pacino@amgen.com,16728892091,"Piazza Svizzera, Milano, ",500
2312,Guillaume Jackson,guillaume.jackson@usbank.com,17289200982,"Via Delle Grazie 11, San Giminiano, ",700
2313,Daniel Costner,daniel.costner@staples.com,18779099109,"1597 Legend St, Mysore, Kar",3700
2314,Dianne Derek,dianne.derek@danaher.com,18717872090,"1606 Sangam Blvd, New Delhi, ",5000
2315,Geraldine Schneider,geraldine.schneider@whirlpoolcorp.com,15612788891,"2115 N Towne Ln Ne, Cedar Rapids, IA",500
2316,Geraldine Martin,geraldine.martin@aflac.com,12334152428,"8989 N Port Washington Rd, Milwaukee, WI",500
2317,Guillaume Edwards,guillaume.edwards@autonation.com,12343435001,"5112 Sw 9Th St, Des Moines, IA",500
2318,Maurice Mahoney,maurice.mahoney@progressive.com,10988765561,"8600 W National Ave, Milwaukee, WI",600
2319,Maurice Hasan,maurice.hasan@abbott.com,17876544441,"4715 Sprecher Rd, Madison, WI",700
2320,Diane Higgins,diane.higgins@dollargeneral.com,19089189918,"411 E Wisconsin Ave # 2550, Milwaukee, WI",700
2321,Dianne Sen,dianne.sen@tenethealth.com,19098876718,"600 N Broadway Fl 1, Milwaukee, WI",700
2322,Maurice Daltrey,maurice.daltrey@lilly.com,15600980121,"666 22Nd Ave Ne, Minneapolis, MN",900
2323,Tess Roth,tess.roth@dteenergy.com,12889745002,"122 E Dayton St, Madison, WI",1200
2324,Ka Kaufman,ka.kaufman@southwest.com,18013324511,"2134 W Genesee St, Syracuse, NY",1200
2325,Sharyl Montoya,sharyl.montoya@penskeautomotive.com,18002566718,"200 1St St Sw, Rochester, MN",1200
2326,Daniel Glass,daniel.glass@manpowergroup.com,15677872231,"1 Palisade Ave Fl 2, Yonkers, NY",1200
2327,Rena Arnold,rena.arnold@assurant.com,17888892415,"137 Lark St, Albany, NY",1200
2328,Arlyne Ingram,arlyne.ingram@kohlscorporation.com,15426625428,"1614 Gitanjali Rd, Calcutta, ",1200
2329,Willie Barrera,willie.barrera@starbucks.com,18990924161,"Po Box 2152, Buffalo, NY",5000
2330,Mireya Cochran,mireya.cochran@paccar.com,18729201888,"1622 Roja St, Chennai, Tam",300
2331,Marlene Odom,marlene.odom@cummins.com,12650900181,"1617 Crackers St, Bangalore - India, Kar",5000
2332,Jaclyn Atkinson,jaclyn.atkinson@globalp.com,16776213151,"1647 Suspense St, Cochin, Ker",1900
2333,Al Schultz,al.schultz@altria.com,16763242521,"1628 Pataudi St, New Delhi, ",500
2334,Felicitas Riley,felicitas.riley@xerox.com,16090910189,"Piazza Quattre Stagioni 4, Roma, ",2500
2335,Cora Calhoun,cora.calhoun@kimberly-clark,16782091010,"1656 Veterans Rd, Chennai, Tam",3700
2336,Trula Buckley,trula.buckley@thehartford.com,16709009101,"Canale Grande 2, Roma,",2400
2337,Sasha Wallace,sasha.wallace@huntsman.com,18920342512,"Via Di Firenze 231, Roma, ",700
2338,Caitlin Hill,caitlin.hill@kraftheinzcompany.com,12090224166,"1971 Limelight Blvd, Samutprakarn, ",100
2339,Gino Pickett,gino.pickett@lear.com,16233098811,"Via Dello Croce 93, Tellaro, ",1200
2340,Amira Macdonald,amira.macdonald@fluor.com,17890988761,"1668 Chong Tao, Beijing, ",5000
2341,Mack Morse,mack.morse@aecom.com,16009822351,"1616 Crackers Blvd, Bangalore - India, Kar",200
2342,Eboni Jarvis,eboni.jarvis@bd.com,16797654331,"633 S Hawley Rd, Milwaukee, WI",400
2343,Gabrielle Dennis,gabrielle.dennis@facebook.com,16737491019,"1135 Catherine St, Ann Arbor, MI",900
2344,Classie Norris,classie.norris@jabil.com,18777200919,"378 S Negley Ave, Pittsburgh, PA",1200
2345,Khalilah Holman,khalilah.holman@centurylink.com,16543309201,"726 Union St, Hudson, NY",1500
2346,Isreal Rose,isreal.rose@supervalu.com,17890024322,"802 North Ave, Pittsburgh, PA",2300
2347,Verena Hopper,verena.hopper@generalmills.com,6710191725,"612 Jefferson Ave, Scranton, PA",3600
2348,Audie Flores,audie.flores@southerncompany.com,17890012534,"Via Notoriosa 1949, Ventimiglia,",700
2349,Gertrude Cooke,gertrude.cooke@nexteraenergy.com,15762209021,"Via Dolorosa 69, Tellaro, ",3600
2350,Princess Kane,princess.kane@thermofisher.com,16370191325,"1648 Anamika St, Cochin, Ker",700
2351,Jacinta Faulkner,jacinta.faulkner@aep.com,16537019101,"1592 Silverado St, Bangalore, Kar",500
2352,Lashon Wall,lashon.wall@pge.com,12763810917,"Via Delle Capeletti 52, San Giminiano, ",1200
2353,Corliss Mcneil,corliss.mcneil@nglenergypartners.com,16553098101,"Via Dello Croce 93, Roma, ",400
2354,Brock Webb,brock.webb@bms.com,13445109171,"1598 Legend St, Bangalore, Kar",2300
2355,Melany Mcmahon,melany.mcmahon@goodyear.com,12634537197,"Pfannenstilstr 13, Egg, ZH",5000
2356,Rogelio Kirby,rogelio.kirby@nucor.com,12314100909,"1617 Crackers St, Bangalore - India, Kar",900
2357,Wallace Dillard,wallace.dillard@pnc.com,17889200191,"1790 Grand Blvd, Schenectady, NY",1200
2358,Gia Boyle,gia.boyle@healthnet.com,14252719181,"7 Ingelside Ln, White Plains, NY",1200
2359,Tennie Gay,tennie.gay@micron.com,14527282922,"18 Glenridge Rd, Schenectady, NY",1200
2360,Ophelia Hurst,ophelia.hurst@colgatepalmolive.com,12537761626,"6432 Rising Sun Ave, Philadelphia, PA",1200
2361,Ciara Flowers,ciara.flowers@fcx.com,19882019251,"Rr 10, Reading, PA",1200
2362,Birgit Stephenson,birgit.stephenson@conagrafoods.com,14251600910,"2455 Rose Garden Rd, Pittsburgh, PA",1200
2363,Shameka Spencer,shameka.spencer@sempra.com,19287710828,"1812 Timberline Rd, Altoona, PA",1200
2364,Alysa Kane,alysa.kane@gapinc.com,12550190191,"141 Schiller St, Reading, PA",1200
2365,Fransisca Reeves,fransisca.reeves@bakerhughes.com,14091019388,"1126 Pawlings Rd, Norristown, PA",1200
2366,Jessika Merritt,jessika.merritt@bnymellon.com,12388776510,"55 Church Hill Rd, Reading, PA",1200
2367,Agustina Conner,agustina.conner@dollartree.com,16309099876,"354 N Prince St, Lancaster, PA",1200
2368,Roxanna Wade,roxanna.wade@autozone.com,14787091246,"115 Chestnut St, Philadelphia, PA",1400
2369,Virgie Mays,virgie.mays@wholefoodsmarket.com,19371099830,"2899 Grand Ave, Pittsburgh, PA",1400
2370,Trang Mcconnell,trang.mcconnell@ppg.com,13652202920,"Po Box 39, Indiana, PA",1400
2371,Nada West,nada.west@genpt.com,17000191736,"1604 Broadway Ave, Pittsburgh, PA",1400
2372,Catherina Haney,catherina.haney@ielp.com,19543017151,"4734 Liberty Ave, Pittsburgh, PA",1400
2373,Harriette Melton,harriette.melton@navistar.com,12889109002,"21 Thornwood Rd, Harrisburg, PA",1400
2374,Willette Rodgers,willette.rodgers@pfgc.com,8.16E+11,"3725 W Lake Rd, Erie, PA",1400
2375,Calandra Williamson,calandra.williamson@omnicomgroup.com,8911098191,"1808 4Th Ave, Altoona, PA",1400
2376,Tamatha Delgado,tamatha.delgado@dish.com,9017715131,"Station Sq, Pittsburgh, PA",1400
2377,Felix Ferguson,felix.ferguson@firstenergycorp.com,8914121511,"4020 Garden Ave, Erie, PA",1400
2378,Elwood Hampton,elwood.hampton@precast.com,9099809812,"100 N Peach St, Philadelphia, PA",1400
2379,Josh Roach,josh.roach@monsanto.com,12665192817,"835 Heister Ln, Reading, PA",1400
2380,Luanna Scott,luanna.scott@aes.com,1255410091,"5643 N 5Th St, Philadelphia, PA",1500
2381,Meryl Cole,meryl.cole@carmax.com,89880187252,"1401 W Warren Rd, Bradford, PA",1500
2382,Jannet Elliott,jannet.elliott@discoverfinancial.com,1526009181,"815 Freeport Rd, Pittsburgh, PA",815
2383,Fae Glenn,fae.glenn@nov.com,8700192712,"327 N Washington Ave # 300, Scranton, PA",1900
2384,Francisco Cummings,francisco.cummings@nrgenergy.com,1092811013,"4901 Locust Ln, Harrisburg, PA",2300
2385,Ermelinda Benton,ermelinda.benton@westerndigital.com,1709019201,"3376 Perrysville Ave, Pittsburgh, PA",2300
2386,Lasonya Beard,lasonya.beard@marriott.com,2611091201,"220 Penn Ave # 300, Scranton, PA",2300
2387,Rayna Tran,rayna.tran@libertyinteractive.com,1272910291,"522 Swede St, Norristown, PA",2300
2388,Annice Boyer,annice.boyer@walmart.com,6271909101,"7708 City Ave, Philadelphia, PA",2300
2389,Ja Whitfield,ja.whitfield@exxonmobil.com,1.26E+11,"1801 Lititz Pike, Lancaster, PA",2300
2390,Jaime Lester,jaime.lester@apple.com,12091019271,"101 E Olney Ave, Philadelphia, PA",2300
2391,Charlsie Lindsey,charlsie.lindsey@berkshirehathaway.com,14209019817,"36 W 34Th St, Erie, PA",2400
2392,Jannette Henry,jannette.henry@mckesson.com,2.62E+11,"1007 Mount Royal Blvd, Pittsburgh, PA",2400
2393,Margart Mccall,margart.mccall@unitedhealthgroup.com,7877019201,"601 Market St, Philadelphia, PA",2400
2394,Twanna Cleveland,twanna.cleveland@cvshealth.com,7810192812,"5122 Sinclair Ln, Baltimore, MD",2400
2395,Bronwyn Horn,bronwyn.horn@gm.com,8981029182,"680 Bel Air Rd, Bel Air, MD",2400
2396,Jon Petersen,jon.petersen@ford.com,12615141421,"8004 Stansbury Rd, Baltimore, MD",2400
2397,Denny Daniel,denny.daniel@att.com,12314165671,"10209 Yearling Dr, Rockville, MD",2400
2398,Avis Moore,avis.moore@ge.com,8710909102,"3000 Greenmount Ave, Baltimore, MD",2400
2399,Eden Burke,eden.burke@amerisourcebergen.com,917251423,"1262 Vocke Rd, Cumberland, MD",2400
2400,Elisha Lloyd,elisha.lloyd@verizon.com,98981019271,"3314 Eastern Ave, Baltimore, MD",2400
2401,Samara Barnett,samara.barnett@chevron.com,7877654431,"11200 Scaggsville Rd, Laurel, MD",2400
2402,Nadia Sawyer,nadia.sawyer@costco.com,7866543312,"2300 Harford Rd, Baltimore, MD",2400
2403,Melita Holcomb,melita.holcomb@fanniemae.com,7870989121,"2 2Nd St # A, Ocean City, MD",2400
2404,Evita Dickerson,evita.dickerson@thekrogerco.com,65443121213,"6917 W Oklahoma Ave, Milwaukee, WI",2400
2405,Aundrea Barry,aundrea.barry@amazon.com,16251091010,"160 Glenwood Ave, Minneapolis, MN",2400
2406,Irvin Leach,irvin.leach@walgreensbootsalliance.com,10298276662,"6915 Grand Ave, Hammond, IN",2400
2407,Kellee Molina,kellee.molina@hp.com,18209817261,"65 Cadillac Sq # 2701, Detroit, MI",2500
2408,Ronny Sykes,ronny.sykes@cardinal.com,12667182715,"3435 Tuscany Dr Se, Grand Rapids, MI",2500
2409,Ocie Walton,ocie.walton@express-scripts,2476251212,"810 1St Ave, Council Bluffs, IA",3500
2410,Reva Fuller,reva.fuller@jpmorganchase.com,9.09E+11,"500 W Oklahoma Ave, Milwaukee, WI",3500
2411,Marica Henderson,marica.henderson@grainger.com,7786554131,"1721 E Lake St, Minneapolis, MN",3600
2412,Vanetta Gross,vanetta.gross@boeing.com,12423300908,"255 Great Arrow Ave, Buffalo, NY",3600
2413,Audrea Hayden,audrea.hayden@microsoft.com,1627889108,"6640 Campbell Blvd, Lockport, NY",3600
2414,Neda Mcfadden,neda.mcfadden@bankofamerica.com,88980090991,"1136 Arch St, Philadelphia, PA",3600
2415,DellWilkinson,dell.wilkinson@wellsfargo.com,89880987665,"Rt 6 E, Warren, PA",3700
2416,Sharee Carver,sharee.carver@baxter.com,89876655413,"1924 Bedford St, Cumberland, MD",3700
2417,Joaquina Mcconnell,joaquina.mcconnell@homedepot.com,9988716151,"2713 N Bendix Dr, South Bend, IN",3700
2418,Carlyn Calderon,carlyn.calderon@citigroup.com,17662542310,"752 W Huron St, Pontiac, MI",3700
2419,Olga Wilkins,olga.wilkins@phillips66.com,18726652098,"1330 N Memorial Dr, Racine, WI",5000
2420,Delpha Golden,delpha.golden@stryker.com,19827266091,"8 Automation Ln, Albany, NY",5000
2421,Sharell Branch,sharell.branch@ibm.com,2400918261,"811 N Brandywine Ave, Schenectady, NY",5000
2422,Eleanor Farley,eleanor.farley@valero.com,928778101,"3025 Sussex Ave, Pittsburgh, PA",5000
2423,Justina Hayes,justina.hayes@antheminc.com,7877652431,"932 High St, Lancaster, PA",5000
2424,Omer Macdonald,omer.macdonald@pg.com,9887165989,"6959 Tulip St, Philadelphia, PA",5000
2425,Roseline Hill,roseline.hill@airproducts.com,900928726,"511 S Central Ave # A, Baltimore, MD",5000
2426,Janeen Holt,janeen.holt@statefarm.com,77876544321,"400 E Joppa Rd, Baltimore, MD",5000
2427,Tory Avila,tory.avila@google.com,87665432212,"1796 Tsing Tao, Muang Nonthaburi, ",1200
2428,Keila Slater,keila.slater@comcastcorporation.com,6.77E+11,"1810 Tucker Crt, Mumbai, ",5000
2429,Jazmin Burch,jazmin.burch@target.com,6766543281,"Sendlinger Tor 4, Munich, ",2400
2430,Tandy Ramsey,tandy.ramsey@wnr.com,9800982769,"Theresienstr 15, Munich, ",2400
2431,Debra Herring,debra.herring@jnj.com,78771092019,"1822 Ironweed St, Toronto, ONT",1200
2432,Monnie Walker,monnie.walker@metlife.com,12009811526,"Via Notoriosa 1932 Rd, Firenze, ",1932
2433,Alvaro Hooper,alvaro.hooper@adm.com,7687709101,"Via Notoriosa 1941, Firenze, ",500
2434,Lurline Dennis,lurline.dennis@freddiemac.com,8710991092,"Via Notoriosa 1943, Firenze, ",2400
2435,Aurea Sanders,aurea.sanders@pepsico.com,7877654123,"Via Luminosa 162, Tellaro, ",700
2436,Stacia Rutledge,stacia.rutledge@utc.com,18920998272,"Via Di Firenze 231, Tellaro,",700
2437,Philomena Elliott,philomena.elliott@aetna.com,16778725246,"Via Frenzy 6903, Tellaro, ",3600
2438,Gonzalo Stone,gonzalo.stone@lowes.com,7877876654,"Piazza Quattre Stagioni 4, San Giminiano, ",3600
2439,So Hardin,so.hardin@ups.com,1209009812,"Via Notoriosa 1932, Tellaro,",3600
2440,Lauren Rodriquez,lauren.rodriquez@aig.com,8991092010,"2034 Sabrina Rd, Samutprakarn,",3700
2441,Loan Patton,loan.patton@prudential.com,7787102911,"Ruella Delle Spiriti, Milano,",500
2442,Ha Lowe,ha.lowe@intel.com,18920998222,"Via Delle Capeletti 52, San Giminiano, ",1500
2443,Alexandra Mcgowan,alexandra.mcgowan@humana.com,8911211211,"Via Delli Capelli 2, San Giminiano,",700
2444,Melissa Nichols,melissa.nichols@disney.com,1244315261,"1593 Silverado St, Bangalore, Kar",5000
2445,Keesha Cohen,keesha.cohen@cisco.com,1355410091,"1602 Sholay St, Chennai, Tam",1500
2446,Elvera Benson,elvera.benson@pfizer.com,87220191821,"1607 Sangam Blvd, New Delhi,",5000
2447,Lanora Ray,lanora.ray@dow.com,9988018291,"514 W Superior St, Kokomo, IN",100
2448,Jimmy Weber,jimmy.weber@sysco.com,18920998273,"2515 Bloyd Ave, Indianapolis, IN",100
2449,Mae Wilkinson,mae.wilkinson@fedex.com,1255411091,"8768 N State Rd 37, Bloomington, IN",100
2450,Lino Noble,lino.noble@caterpillar.com,18920998572,"6445 Bay Harbor Ln, Indianapolis, IN",100
2451,Kathie Jordan,kathie.jordan@lockheedmartin.com,1.26E+11,"4019 W 3Rd St, Bloomington, IN',100,",100
2452,Heike Emerson,heike.emerson@newyorklife.com,1266171888,"1608 Portage Ave, South Bend, IN",100
2453,Princes Jones,princess.jones@uhsinc.com,1255413091,"23943 Us Highway 33, Elkhart, IN",100
2454,Doretha Tyler,doretha.tyler@coca-colacompany,10998872711,"136 E Market St # 800, Indianapolis, IN",100
2455,Emilio Duncan,emilio.duncan@hcahealthcare.com,18981092999,"1905 College St, South Bend, IN",100
2456,Glinda Lambert,glinda.lambert@ingrammicro.com,9800121211,"3512 Rockville Rd # 137C, Indianapolis, IN",200
2457,Emery Schneider,emery.schneider@owens-minor,2311091211,"1303 E University St, Bloomington, IN",200
2458,Amado Jefferson,amado.jefferson@energytransfer.com,9800192819,"115 N Weinbach Ave, Evansville, IN",200
2459,Hisako Herrera,hisako.herrera@tysonfoods.com,6577099912,"2067 Rollett Ln, Evansville, IN",200
2460,Jamee Mclaughlin,jamee.mclaughlin@aa.com,12667686661,"1105 E Allendale Dr, Bloomington, IN",200
2461,Audrie Cannon,audrie.cannon@delta.com,1.57E+11,"18305 Van Dyke St, Detroit, MI",200
2462,Lacey Walters,lacey.walters@charter.com,17655410990,"Lucas Dr Bldg 348, Detroit, MI",200
2463,Weldon Robinson,weldon.robinson@nationwide.com,15652314151,"1801 Monroe Ave Nw, Grand Rapids, MI",200
2464,Solange Gates,solange.gates@johnsoncontrols.com,6567100918,"4925 Kendrick St Se, Grand Rapids, MI",200
2465,Jame Calhoun,jame.calhoun@bestbuy.com,9165241100,"3310 Dixie Ct, Saginaw, MI",200
2466,Stefan Walters,stefan.walters@merck.com,8710991121,"113 Washington Sq N, Lansing, MI",200
2467,Arlene Elliott,arlene.elliott@advanceautoparts.com,7766181911,"2500 S Pennsylvania Ave, Lansing, MI",200
2468,Sofia Burnett,sofia.burnett@libertymutual.com,9118291211,"3213 S Cedar St, Lansing, MI",200
2469,Christal Grant,christal.grant@gs.com,7877212261,"6654 W Lafayette St, Detroit, MI",200
2470,Violeta Stokes,violeta.stokes@honeywell.com,12554132221,"27 Benton Rd, Saginaw, MI",200
2471,Jackeline Finley,jackeline.finley@mastercard.com,7876554433,"8201 Livernois Ave, Detroit, MI",300
2472,Heidy Massey,heidy.massey@massmutual.com,7899078654,"3100 E Eisenhower Pky # 100, Ann Arbor, MI",300
2473,Yolando Wilkerson,yolando.wilkerson@oracle.com,16541098881,"952 Vassar Dr, Kalamazoo, MI",400
2474,Lucinda Hurley,lucinda.hurley@morganstanley.com,17182652412,"150 W Jefferson Ave # 2500, Detroit, MI",400
2475,Gita Logan,gita.logan@cigna.com,8988761098,"40 Pearl St Nw # 1020, Grand Rapids, MI",400
2476,Felicita Alston,felicita.alston@unitedcontinentalholdings.com,8987665541,"301 E Genesee Ave, Saginaw, MI",400
2477,Lela Ewing,lela.ewing@allstate.com,9109912512,"9936 Dexter Ave, Detroit, MI",400
2478,Gabriel Pollard,gabriel.pollard@tiaa.org,7761525121,"1660 University Ter, Ann Arbor, MI",400
2479,Shandra Higgins,shandra.higgins@chsinc.com,7876544409,"10315 Hickman Rd, Des Moines, IA",500
2480,Thomasena Pickett,thomasena.pickett@americanexpress.com,7899091542,"1928 Sherwood Dr, Council Bluffs, IA",500
2481,Aaron Holder,aaron.holder@gilead.com,6765443212,"2102 E Kimberly Rd, Davenport, IA",500
2482,Carlos Moody,carlos.moody@publix.com,15676555431,"221 3Rd Ave Se # 300, Cedar Rapids, IA",500
2483,Javier Kim,javier.kim@generaldynamics.com,18727717281,"2120 Heights Dr, Eau Claire, WI",500
2484,Fran Battle,fran.battle@tjx.com,9819981012,"6555 W Good Hope Rd, Milwaukee, WI",600
2485,Shelia Brewer,shelia.brewer@conocophillips.com,17877729112,"1314 N Stoughton Rd, Madison, WI",600
2486,Jeri Randall,jeri.randall@nike.com,7687109010,"6161 N 64Th St, Milwaukee, WI",700
2487,Jermaine Cote,jermaine.cote@wfscorp.com,78776554001,"11016 W Lincoln Ave, Milwaukee, WI",700
2488,Kenneth Simmons,kenneth.simmons@3m.com,9088787811,"615 N Sherman Ave, Madison, WI",700
2489,Dulce Matthews,dulce.matthews@mondelezinternational.com,9988771122,"512 E Grand Ave, Beloit, WI",700
2490,Kristle Cain,kristle.cain@exeloncorp.com,7876554312,"5235 N Ironwood Ln, Milwaukee, WI",700
2491,Erika Murray,erika.murray@21cf.com,1126761091,"322 E Michigan St, Milwaukee, WI",700
2492,Maud Cohen,maud.cohen@johndeere.com,17654123121,"1400 Bellinger St Fl 4, Eau Claire, WI",700
2493,Rolanda Vang,rolanda.vang@appliedmaterials.com,17861776525,"808 3Rd St # 100, Wausau, WI",700
2494,Renea Carney,renea.carney@dupont.com,8872520618,"300 Crooks St, Green Bay, WI",900
2495,Sybil Harding,sybil.harding@avnet.com,5497229188,"2122 Campbell Rd, La Crosse, WI",1200
2496,Colette Estrada,colette.estrada@eastman.com,9887288938,"3324 N Oakland Ave, Milwaukee, WI",1200
2497,Maximo Ortega,maximo.ortega@macysinc.com,5997439296,"1501 Lowry Ave N, Minneapolis, MN",1200
2498,Kina Larsen,kina.larsen@enterpriseproducts.com,6216318122,"4200 Yosemite Ave S, Minneapolis, MN",1200
2499,Jarvis Allison,jarvis.allison@travelers.com,6205468179,"2800 Chicago Ave # 100, Minneapolis, MN",1200
2500,Collene Newton,collene.newton@sonicautomotive.com,8133383946,"314 W Superior St # 1015, Duluth, MN",1200
2501,Vella Hancock,vella.hancock@pmi.com,6658131023,"2720 Brewerton Rd, Syracuse, NY",1200
2502,Retta Martinez,retta.martinez@riteaid.com,5917558109,"1522 Main St, Niagara Falls, NY",1200
2503,Annelle Lawrence,annelle.lawrence@techdata.com,5916403126,"49 N Pine Ave, Albany, NY",1200
2504,Sherron Simon,sherron.simon@ally.com,5913704027,"33 Fulton St, Poughkeepsie, NY",1200
2505,Carita Mcintyre,carita.mcintyre@northwesternmutual.com,5914812864,"2360 Maxon Rd, Schenectady, NY",1200
2506,Stephaine Booker,stephaine.booker@tsocorp.com,5916819560,"500 S Salina St # 500, Syracuse, NY",1200
2507,Emilie Parsons,emilie.parsons@timewarner.com,5912791700,"33 Pine St, Lockport, NY",1200
2508,Jaleesa Bowen,jaleesa.bowen@cstbrands.com,8.66E+11,"1612 Talaivar St, Chennai, Tam",5000
2509,Jeannie Poole,jeannie.poole@aboutmcdonalds.com,8.66E+11,"1613 Victoria St, Calcutta,",5000
2510,Adrienne Lang,adrienne.lang@qualcomm.com,8.66E+11,"1615 Crackers Crt, Chennai - India,",300
2511,Jess Nguyen,jess.nguyen@searsholdings.com,8.66E+11,"1616 Mr. India Ln, Bombay - India, Kar",300
2512,Tandy House,tandy.house@ebay.com,8.66E+11,"1618 Villains St, New Delhi - India,",1200
2513,Herman Stokes,herman.stokes@capitalone.com,8.66E+11,"1619 Bowlers Rd, Chandigarh, Har",1200
2514,Keesha Lambert,keesha.lambert@emc.com,3853661882,"1620 Sixers Crt, Bombay, Kar",5000
2515,Lauren Williamson,lauren.williamson@usaa.com,3857228742,"1623 Hey Ram St, Chennai - India, ",5000
2516,Lucius Abbott,lucius.abbott@lennar.com,3850236051,"1627 Sowdagar St, New Delhi,",1900
2517,Beatrice Ford,beatrice.ford@duke-energy,3857311533,"1632 Splash St, Chandigarh, Har",2500
2518,Tamisha Vargas,tamisha.vargas@twc.com,3859285776,"1636 Pretty Blvd, Bangalore, Kar",5000
2519,Dick Lamb,dick.lamb@halliburton.com,385683806,"1646 Brazil Blvd, Chennai, Tam",500
2520,Yolanda Ball,yolanda.ball@gamestopcorp.com,9.14E+11,"1650 Teesri Manjil Crt, Kashmir, ",3700
2521,Jerica Brooks,jerica.brooks@northropgrumman.com,9.14E+11,"1662 Talaivar St, Chennai, Tam",1500
2522,Nichol Carter,nichol.carter@arrow.com,9.14E+11,"Piazza Del Congresso 22, Roma, ",3700
2523,Bobby Wilson,bobby.wilson@rsac.com,9.14E+11,"Ruella Delle Spiriti, Roma, ",500
2524,Eve Saunders,eve.saunders@officedepot.com,9.14E+11,"Via Del Disegno 194, Roma, ",500
2525,Ginger Atkinson,ginger.atkinson@nordstrom.com,9.14E+11,"Via Delle Capeletti 52, Roma, ",500
2526,Kenton Harrell,kenton.harrell@kindermorgan.com,6135550112,"Via Dolorosa 69, Roma, ",2400
2527,Misti Velazquez,misti.velazquez@aramark.com,6135550195,"Via Notoriosa 1942, Ventimiglia,",700
2528,Brandie Buchanan,brandie.buchanan@davita.com,6135550126,"Piazza Cacchiatore 23, Roma, ",700
2529,Kandi Holden,kandi.holden@molinahealthcare.com,6135550146,"Via Del Disegno 194, San Giminiano,",600
2530,Lashonda Cunningham,lashonda.cunningham@wellcare.com,6135550145,"Via Dello Croce 93, San Giminiano,",400
2531,Roxanne Michalkow,roxanne.michalkow@cbscorporation.com,6135550122,"Ruella Delle Spiriti, San Giminiano, ",400
2532,Phuong Sanders,phuong.sanders@visa.com,16135550112,"Via Delli Capelli 2, Tellaro,",400
2533,Vida Kline,vida.kline@lfg.com,16135550195,"Harmoniegasse 3, Baden-Daettwil, AG",500
2534,Mayola Houston,mayola.houston@ecolab.com,16135550126,"Alfred E. Neumann-Weg 3, Baden-Daettwil, AG",500
2535,Cristine Bell,cristine.bell@kelloggcompany.com,16135550146,"Dr. Herbert Bitto Str 23, Baden-Daettwil, AG",2300
2536,Shamika Bauer,shamika.bauer@chrobinson.com,16135550145,"Taefernstr 4, Baden-Daettwil, AG",2300
2537,Rebbeca Day,rebbeca.day@textron.com,16135550122,"Helebardenweg 5, Baden-Daettwil, AG",3500
2538,Maryrose Cain,maryrose.cain@loews.com,933453845,"Zum Freundlichen Nachbarn 5, Baden-Daettwil, AG",3500
2539,Johnie Rojas,johnie.rojas@itw.com,939249328,"Ziegenwiese 3, Baden-Daettwil, AG",3500
2540,Verla Christian,verla.christian@synnex.com,939856022,"Am Waldrand 5, Baden-Daettwil, AG",3500
2541,Teressa Hewitt,teressa.hewitt@hormelfoods.com,937315174,"Zur Kantine 9, Baden-Daettwil, AG",1200
2542,Shenna Blair,shenna.blair@viacom.com,939806021,"Grosse Bahnhostrasse 3, Baden-Daettwil, AG",1200
2543,Latoyia Burt,latoyia.burt@hollyfrontier.com,939911090,"Paradeplatz 4, Zuerich, ZH",1200
2544,Shaquita Norman,shaquita.norman@landolakesinc.com,33933453845,"Badenerstr 1941, Zuerich, ZH",3500
2545,Myrna Romero,myrna.romero@celgene.com,33939249328,"Welschdoerfchen 1941, Chur, ZH",3500
2546,Bill Stein,bill.stein@devonenergy.com,33939856022,"Le Reduit, Tschiertschen, GR",1400
2547,Olivia Conrad,olivia.conrad@pbfenergy.com,33937315174,"Bendlehn, Trogen, SG",1400
2548,Marianne Bryant,marianne.bryant@genworth.com,33939806021,"Spisertor 3, St. Gallen, SG",1400
2549,Dustin Paul,dustin.paul@yum.com,33939911090,"Langstr 14, Zuerich, ZH",700
2550,Elroy Wolf,elroy.wolf@ti.com,9556018319,"Roessligasse 4, Zurich, ZH",700
2551,Jadwiga Morrison,jadwiga.morrison@cdw.com,9559387109,"Zum Froehlichen Schweizer 3, Zurich, ZH",5000
2552,Isabella Ortega,isabella.ortega@paypal.com,9551021924,"Chrottenweg, Bern, BE",5000
2553,Katia Case,katia.case@wm.com,9551487251,"Bruppacher Str 3, Baden-Daettwil, AG",5000
2554,Enriqueta Odom,enriqueta.odom@mmc.com,9558687497,"Limmatquai, Zuerich, ZH",1800
2555,Don Hansen,don.hansen@chk.com,9558035551,"Dreikoenigsstr 3, Zurich, ZH",1800
2556,Herb Sloan,herb.sloan@pricelinegroup.com,5.60E+11,"Kreuzstr 32, Zurich, ZH",2300
2557,Blanche Robbins,blanche.robbins@parker.com,5.60E+11,"1539 Stripes Rd, Baden-Daettwil, AG",2300
2558,Gaynell Burton,gaynell.burton@oxy.com,5.60E+11,"1593 Silverado St, Bangalore, Kar",1400
2559,Marhta Baldwin,marhta.baldwin@guardianlife.com,5.60E+11,"1596 Commando Blvd, Bangalore, Kar",1200
2560,Peter Gamble,peter.gamble@mgmresorts.com,5.60E+11,"1599 Legend Rd, Bangalore, Kar",5000
2561,Nathan Callahan,nathan.callahan@farmers.com,5.60E+11,"1600 Target Crt, Bangalore, Kar",5000
2562,Tereasa Padilla,tereasa.padilla@jcpenney.com,3507373643,"1603 Rebel St, Bangalore, Kar",500
2563,Merrilee Phillips,merrilee.phillips@conedison.com,3508868244,"1604 Volunteers Rd, Bangalore, Kar",500
2564,Tisha Mcdonald,tisha.mcdonald@autoliv.com,3508171487,"1607 Abwdrts St, Bangalore, Kar",3500
2565,Napoleon Cruz,napoleon.cruz@cognizant.com,3506107186,"1608 Amadeus St, Bangalore, Kar",3500
2566,Basilia Downs,basilia.downs@vfc.com,3505579457,"1610 Betrayal Crt, Bangalore, Kar",5000
2567,Alessandra Estrada,alessandra.estrada@ameriprise.com,3503238714,"1614 Crackers Rd, Bangalore - India, Kar",2300
2568,Sherron Flores,sherron.flores@fnf.com,5.74E+11,"1615 Crackers Crt, Bangalore - India, Kar",5000
2569,Elicia Townsend,elicia.townsend@csc.com,5.74E+11,"1618 Footloose St, Bangalore - India, Kar",900
2570,Percy Hernandez,percy.hernandez@lb.com,5.74E+11,"1619 Footloose Rd, Bangalore - India, Kar",900
2571,Shelia Cain,shelia.cain@jacobs.com,5.74E+11,"1621 Gargon! Blvd, Bangalore - India, Kar",600
2572,Charlene Booker,charlene.booker@republicservices.com,5.74E+11,"8110 Jackson Rd, Ann Arbor, MI",200
2573,Mac Mckay,mac.mckay@principal.com,5.74E+11,"101 N Falahee Rd, Jackson, MI",300
2574,Jamison Merritt,jamison.merritt@rossstores.com,297916,"555 John F Kennedy Rd, Dubuque, IA",500
2575,Quinton Woods,quinton.woods@bedbathandbeyond.com,1440378,"1691 Asbury Rd, Dubuque, IA",500
2576,Cathey Mcdowell,cathey.mcdowell@csx.com,4485108,"113 N 1St St, Minneapolis, MN",1200
2577,Deneen Hays,deneen.hays@toysrusinc.com,3752664,"1409 Willow St # 600, Minneapolis, MN",1200
2578,Jackson Morin,jackson.morin@sands.com,1236177,"85 High St, Buffalo, NY",1200
2579,Margo Hoffman,margo.hoffman@leucadia.com,7623837,"2979 Hamburg St, Schenectady, NY",1200
2580,Adah Myers,adah.myers@dom.com,6790297916,"810 Race St, Philadelphia, PA",1900
2581,Florene Craig,florene.craig@ussteel.com,6791440378,"135 S 18Th St # 1, Philadelphia, PA",2300
2582,Janey Burris,janey.burris@l-3com,6794485108,"5565 Baynton St, Philadelphia, PA",2400
2583,Evelina Campbell,evelina.campbell@edisoninvestor.com,6793752664,"1751 Madison Ave, Council Bluffs, IA",3500
2584,Thi Maxwell,thi.maxwell@entergy.com,6791236177,"310 Broadway St, Alexandria, MN",3600
2585,Aleshia Reese,aleshia.reese@adp.com,6797623837,"2674 Collingwood St, Detroit, MI",3700
2586,Dorotha Wong,dorotha.wong@firstdata.com,5836723,"660 Woodward Ave # 2290, Detroit, MI",3700
2587,Estela Donovan,estela.donovan@blackrock.com,8427261,"2017 Convoy St, Tokyo,",2400
2588,Hassan Rivers,hassan.rivers@westrock.com,9920257,"Piazza Del Congresso 22, San Giminiano, ",3600
2589,Jen Mcmahon,jen.mcmahon@voya.com,3003798,"2033 Spartacus St, Samutprakarn, ",3700
2590,Barbie Carter,barbie.carter@sherwin.com,2120318,"Via Del Disegno 194, Milano, ",1500
2591,Cleo English,cleo.english@hiltonworldwide.com,9638804,"1605 Bazigar Crt, Pune,",5000
2592,Liana Pena,liana.pena@corning.com,3545836723,"1609 Pakija Rd, New Delhi, ",3700
2593,Francina Slater,francina.slater@rrdonnelley.com,3548427261,"1667 2010 St, Batavia, Ker",500
2594,Josie Steele,josie.steele@stanleyblackanddecker.com,3549920257,"Piazza Svizzera, Roma, ",2400
2595,Maryrose Roberson,maryrose.roberson@xcelenergy.com,3543003798,"Via Notoriosa 1943, Ventimiglia, ",700
2596,Elly Salinas,elly.salinas@kiewit.com,3542120318,"Piazza Svizzera, San Giminiano, ",100
2597,Ginny Carlson,ginny.carlson@orate.murphyusa,3549638804,"Sonnenberg 4, Baden-Daettwil, AG",500
2598,Mozelle Schneider,mozelle.schneider@cbre.com,5836723,"Kreuzritterplatz 5, Baden-Daettwil, AG",3500
2599,Adam Jacobs,adam.jacobs@univar.com,8427261,"1592 Silverado St, Bangalore, Kar",1400
2600,Vernia Hayes,vernia.hayes@drhorton.com,9920257,"1606 Volunteers Blvd, Bangalore, Kar",3500
2601,Ismael Solomon,ismael.solomon@elcompanies.com,3003798,"1611 Carmen Blvd, Bangalore, Kar",5000
2602,Ivey Rutledge,ivey.rutledge@praxair.com,2120318,"1667 2010 St, Batavia, IL",200
2603,Jame Terrell,jame.terrell@biogen.com,9638804,"1540 Stripes Crt, Baden-Daettwil, AG",400
2604,Daina Combs,daina.combs@mosaicco.com,3545836723,"223 4Th Ave # 1100, Pittsburgh, PA",2300
2605,Lashunda Davidson,lashunda.davidson@statestreet.com,3548427261,"5640 Fishers Ln, Rockville, MD",2400
2606,Arlette Thornton,arlette.thornton@unum.com,3549920257,"4301 Ashland Ave, Baltimore, MD",2400
2607,Darron Robertson,darron.robertson@reynoldsamerican.com,3543003798,"200 E Fort Ave, Baltimore, MD",2400
2608,Maple Barnett,maple.barnett@core-mark,3542120318,"12817 Coastal Hwy, Ocean City, MD",2400
2609,Charlsie Carey,charlsie.carey@group1auto.com,3549638804,"9435 Washington Blvd N # M, Laurel, MD",2400
2610,Frank Shannon,frank.shannon@henryschein.com,4011073887,"206 S Broadway # 707, Rochester, MN",2400
2611,Josiah Beasley,josiah.beasley@hertz.com,4014943283,"2215 Oak Industrial Dr Ne, Grand Rapids, MI",2400
2612,Annabelle Butler,annabelle.butler@thrivent.com,4017718205,"215 4Th Ave Se, Cedar Rapids, IA",2500
2613,Ed Mueller,ed.mueller@nscorp.com,4018808030,"4811 S 76Th St # 205, Milwaukee, WI",3600
2614,Colleen Estrada,colleen.estrada@rgare.com,4018843628,"800 Carter St, Rochester, NY",3600
2615,Nikia Kent,nikia.kent@pseg.com,4010482751,"6Th And Master St, Philadelphia, PA",3600
2616,Amber Brady,amber.brady@c-a-m.com,74011073887,"23985 Bedford Rd N, Battle Creek, MI",3700
2617,Wendell Massey,wendell.massey@bbt.com,74014943283,"701 Seneca St, Buffalo, NY",5000
2618,Patronick Lucas,PatronickLucas@gmail.com,74017718205,6649 N Blue Gum St,100
2619,Pearson Randall,PearsonRandall@gmail.com,74018808030,4 B Blue Ridge Blvd,5000
2620,Smith Martin,SmithMartin@gmail.com,74018843628,8 W Cerritos Ave #54,3500
2621,Pelletier Ermine,PelletierErmine@gmail.com,74010482751,639 Main St,2000
2622,Perry Shakira,PerryShakira@gmail.com,480083,34 Center St,200
2623,Peters Lauren,PetersLauren@gmail.com,346793,3 Mcauley Dr,2600
2624,Peterson Ebonee,PetersonEbonee@gmail.com,45385,7 Eads St,1100
2625,Petingill Shana,PetingillShana@gmail.com,52530,7 W Jackson Blvd,1900
2626,Petrowsky Thelma,PetrowskyThelma@gmail.com,764178,5 Boston Ave #88,4500
2627,Pham Hong,PhamHong@gmail.com,295008,228 Runamuck Pl #2808,4900
2628,Pitt Brad,PittBrad@gmail.com,299480083,2371 Jerrold Ave,3800
2629,Potts Xana,PottsXana@gmail.com,299346793,37275 St Rt 17m M,1600
2630,Power Morissa,PowerMorissa@gmail.com,299045385,25 E 75th St #69,1900
2631,Punjabhi Louis,PunjabhiLouis@gmail.com,299052530,98 Connecticut Ave Nw,3800
2632,Purinton Janine,PurintonJanine@gmail.com,299764178,56 E Morehead St,4900
2633,Quinn Sean,QuinnSean@gmail.com,299295008,73 State Road 434 E,300
2634,Rachael Maggie,RachaelMaggie@gmail.com,8793483760,69734 E Carrillo St,1500
2635,Rarrick Quinn,RarrickQuinn@gmail.com,8797268513,322 New Horizon Blvd,4700
2636,Ren Kylo,RenKylo@gmail.com,8792715950,1 State Route 27,1600
2637,Rhoads Thomas,RhoadsThomas@gmail.com,8797879852,394 Manchester Blvd,3600
2638,Rivera Haley,RiveraHaley@gmail.com,8795869755,6 S 33rd St,2000
2639,Roberson May,RobersonMay@gmail.com,8793172000,6 Greenleaf Ave,3000
2640,Robertson Peter,RobertsonPeter@gmail.com,18793483760,618 W Yakima Ave,4000
2641,Robinson Alain,RobinsonAlain@gmail.com,18797268513,74 S Westgate St,5000
2642,Robinson Cherly,RobinsonCherly@gmail.com,18792715950,3273 State St,1000
2643,Robinson Elias,RobinsonElias@gmail.com,18797879852,1 Central Ave,1100
2644,Roby Lori,RobyLori@gmail.com,18795869755,86 Nw 66th St #8673,2100
2645,Roehrich Bianca,RoehrichBianca@gmail.com,18793172000,2 Cedar Ave #84,3100
2646,Roper Katie,RoperKatie@gmail.com,334535682,90991 Thorburn Ave,4100
2647,Rose Ashley,RoseAshley@gmail.com,332640848,386 9th Ave N,1200
2648,Rossetti Bruno,RossettiBruno@gmail.com,330373374,74874 Atlantic Ave,4200
2649,RoupSimon,RoupSimon@gmail.com,336173728,366 South Dr,3200
2650,Ruiz Ricardo,RuizRicardo@gmail.com,334269188,45 E Liberty St,2200
2651,Saada Adell,SaadaAdell@gmail.com,339893438,4 Ralph Ct,1300
2652,"SaarBeckles, Melinda",SaarBecklesMelinda@gmail.com,41334535682,2742 Distribution Way,3300
2653,Sadki Nore,SadkiNore@gmail.com,41332640848,426 Wolf St,4300
2654,Sahoo Adil,SahooAdil@gmail.com,41330373374,128 Bransten Rd,300
2655,Salter Jason,SalterJason@gmail.com,41336173728,17 Morena Blvd,200
2656,Sander Kamrin,SanderKamrin@gmail.com,41334269188,775 W 17th St,100
2657,Sewkumar Nori,SewkumarNori@gmail.com,41339893438,6980 Dorsett Rd,1600
2658,Shepard Anita,ShepardAnita@gmail.com,455187101,2881 Lewis Rd,4900
2659,Shields Seffi,ShieldsSeffi@gmail.com,457446518,7219 Woodfield Rd,1600
2660,Simard Kramer,SimardKramer@gmail.com,451104249,1048 Main St,1300
2661,Singh Nan,SinghNan@gmail.com,451832544,678 3rd Ave,2600
2662,Sloan Constance,SloanConstance@gmail.com,455137537,20 S Babcock St,500
2663,Smith Joe,SmithJoe@gmail.com,458689385,2 Lighthouse Ave,1600
2664,Smith John,SmithJohn@gmail.com,63455187101,38938 Park Blvd,600
2665,Smith Leigh Ann,SmithLeigh@gmail.com Ann,63457446518,5 Tomahawk Dr,5000
2666,Smith Sade,SmithSade@gmail.com,63451104249,762 S Main St,4000
2667,Soto Julia,SotoJulia@gmail.com,63451832544,209 Decker Dr,400
2668,Soze Keyser,SozeKeyser@gmail.com,63455137537,4486 W O St #1,600
2669,Sparks Taylor,SparksTaylor@gmail.com,63458689385,39 S 7th St,700
2670,Spirea Kelley,SpireaKelley@gmail.com,21212230,98839 Hawthorne Blvd #6101,300
2671,Squatrito Kristen,SquatritoKristen@gmail.com,21559639,71 San Mateo Ave,400
2672,StanfordBarbara  M,StanfordBarbara@gmail.com,21179659,76 Brooks St #9,4600
2673,Stansfield Norman,StansfieldNorman@gmail.com,21826836,4545 Courthouse Rd,4200
2674,Steans Tyrone,SteansTyrone@gmail.com,21245212,14288 Foster Ave #4121,2200
2675,Stoica Rick,StoicaRick@gmail.com,21192239,4 Otis St,1100
2676,Strong Caitrin,StrongCaitrin@gmail.com,23221212230,65895 S 16th St,3300
2677,Sullivan Kissy,SullivanKissy@gmail.com,23221559639,14302 Pennsylvania Ave,4400
2678,Sullivan Timothy,SullivanTimothy@gmail.com,23221179659,201 Hawk Ct,4500
2679,Sutwell Barbara,SutwellBarbara@gmail.com,23221826836,53075 Sw 152nd Ter #615,3500
2680,Szabo Andrew,SzaboAndrew@gmail.com,23221245212,59 N Groesbeck Hwy,2500
2681,Tannen Biff,TannenBiff@gmail.com,23221192239,2664 Lewis Rd,1500
2682,Tavares Desiree,TavaresDesiree@gmail.com,2025550146,59 Shady Ln #53,500
2683,Tejeda Lenora,TejedaLenora@gmail.com,202555104,3305 Nabell Ave #679,1900
2684,Terry Sharlene,TerrySharlene@gmail.com,2025550117,18 Fountain St,3900
2685,Theamstern Sophia,TheamsternSophia@gmail.com,2025550157,7 W 32nd St,2900
2686,Thibaud Kenneth,ThibaudKenneth@gmail.com,2025550132,2853 S Central Expy,900
2687,Tippett Jeanette,TippettJeanette@gmail.com,2025550145,74 W College St,400
2688,Torrence Jack,TorrenceJack@gmail.com,12025550146,701 S Harrison Rd,2900
2689,Trang Mei,TrangMei@gmail.com,12025550104,1088 Pinehurst St,3600
2690,Tredinnick Neville,TredinnickNeville@gmail.com,12025550117,30 W 80th St #1995,2800
2691,True Edward,TrueEdward@gmail.com,12025550157,20932 Hedley St,4800
2692,Trzeciak Cybil,TrzeciakCybil@gmail.com,12025550132,2737 Pistorio Rd #9230,3200
2693,Turpin Jumil,TurpinJumil@gmail.com,1202555145,74989 Brandon St,2200
2694,ValentinJackie,ValentinJackie@gmail.com,784354226,6 Kains Ave,2500
2695,Veera Abdellah,VeeraAbdellah@gmail.com,782940524,47565 W Grand Ave,2600
2696,Vega Vincent,VegaVincent@gmail.com,787879874,4284 Dorigo Ln,4900
2697,Villanueva Noah,VillanuevaNoah@gmail.com,785811219,6794 Lake Dr E,5000
2698,Voldemort Lord,VoldemortLord@gmail.com,789243757,31 Douglas Blvd #950,4000
2699,Lucy Cechtelar,LucyCechtelar@gmail.com,964940981,44 W 4th St,3000
2700,John Snow,JohnSnow@gmail.com,567897474,11279 Loytan St,2000
